Series Name,Series Code,Country Name,Country Code,2005 [YR2005],2006 [YR2006],2007 [YR2007],2008 [YR2008],2009 [YR2009],2010 [YR2010],2011 [YR2011],2012 [YR2012],2013 [YR2013],2014 [YR2014],2015 [YR2015],2016 [YR2016],2017 [YR2017],2018 [YR2018],2019 [YR2019],2020 [YR2020]
"People using at least basic drinking water services, urban (% of urban population)",SH.H2O.BASW.UR.ZS,China,CHN,98.20965513,98.14091735,98.07212127,98.0032669,97.93435423,97.86538326,97.796354,97.72726644,97.65812058,97.58891642,97.51965397,97.45033321,97.38095417,97.31151682,97.21319974,97.11488267
"People using at least basic drinking water services, urban (% of urban population)",SH.H2O.BASW.UR.ZS,Canada,CAN,99.48998183,99.47343153,99.45688123,99.44033093,99.42378064,99.40723034,99.39068004,99.37412975,99.35757945,99.34102915,99.32447885,99.30792856,99.29137826,99.27482796,99.25827766,99.25827766
"People using at least basic drinking water services, urban (% of urban population)",SH.H2O.BASW.UR.ZS,Mexico,MEX,96.60292525,96.89332254,97.18390312,97.47192479,97.72787166,97.98381853,98.23976541,98.49571228,98.75165915,99.00760603,99.2635529,99.51949977,99.77544665,100,100,100
"People using at least basic drinking water services, urban (% of urban population)",SH.H2O.BASW.UR.ZS,Mozambique,MOZ,65.24127039,66.69244381,68.15291414,69.62268139,71.10174556,72.59010665,74.08776465,75.59471957,77.11097141,78.63652016,80.17136583,81.71550841,83.26894792,84.83168434,86.40371767,87.98504792
"People using at least basic drinking water services, urban (% of urban population)",SH.H2O.BASW.UR.ZS,India,IND,92.85201703,92.90758804,92.963011,93.01828589,93.07341273,93.12839152,93.18322225,93.23790492,93.29243954,93.3468261,93.40106461,93.45515505,93.50909745,93.56289179,93.61653807,93.6700363
"People using at least basic drinking water services, urban (% of urban population)",SH.H2O.BASW.UR.ZS,United States,USA,99.69304221,99.69304221,99.69304221,99.69304221,99.69304221,99.71441514,99.73578807,99.75716101,99.77853394,99.79990687,99.82127981,99.84265274,99.86402567,99.8853986,99.90677154,99.92814447
"People using at least basic drinking water services, urban (% of urban population)",SH.H2O.BASW.UR.ZS,Vietnam,VNM,95.75177456,95.91100173,96.0702209,96.22943209,96.38863529,96.5478305,96.70701772,96.86619695,97.0253682,97.52238755,98.21274352,98.53001697,98.69327273,98.85652849,99.01978425,99.18304001
"People using at least basic drinking water services, urban (% of urban population)",SH.H2O.BASW.UR.ZS,Liberia,LBR,80.44335982,80.81129529,81.17557275,81.5361922,81.89315364,82.24645706,82.59610247,82.94208988,83.28441926,83.62309064,83.95810401,84.28945936,84.61715671,84.94119604,85.52810963,85.52810963
"People using at least basic drinking water services, urban (% of urban population)",SH.H2O.BASW.UR.ZS,South Africa,ZAF,98.52951068,98.56096095,98.59241123,98.62386151,98.65531179,98.68676207,98.71821234,98.74966262,98.7811129,98.81256318,98.84401345,98.87546373,98.90691401,98.93836429,98.96981456,99.00126484
"People using at least basic drinking water services, rural (% of rural population)",SH.H2O.BASW.RU.ZS,China,CHN,74.27908842,75.30718421,76.33348314,77.35798522,78.38069045,79.40159883,80.42071035,81.43802502,82.45354284,83.46726381,84.47918792,85.48931518,86.49764558,87.50417914,88.58270632,89.66123351
"People using at least basic drinking water services, rural (% of rural population)",SH.H2O.BASW.RU.ZS,Canada,CAN,98.20544302,98.26651823,98.32759343,98.38866864,98.44974385,98.51081905,98.57189426,98.63296946,98.69404467,98.75511987,98.81619508,98.87727028,98.93834549,98.99942069,99.0604959,99.0604959
"People using at least basic drinking water services, rural (% of rural population)",SH.H2O.BASW.RU.ZS,Mexico,MEX,81.80368497,83.2843433,84.77669523,86.21616916,87.22624414,88.23631912,89.2463941,90.25646908,91.26654406,92.27661905,93.28669403,94.29676901,95.30684399,96.31691897,97.32699395,98.33706893
"People using at least basic drinking water services, rural (% of rural population)",SH.H2O.BASW.RU.ZS,Mozambique,MOZ,14.15725263,16.10007588,18.09591899,20.14478196,22.24666479,24.40156747,26.60949001,28.87043241,31.18439467,33.55137679,35.97137876,38.44440059,40.97044228,43.54950383,46.18158524,48.8666865
"People using at least basic drinking water services, rural (% of rural population)",SH.H2O.BASW.RU.ZS,India,IND,79.11866408,79.76593755,80.41277995,81.05919126,81.7051715,82.35072067,82.99583876,83.64052577,84.28478171,84.92860657,85.57200035,86.21496306,86.85749469,87.49959525,88.14126473,88.78250313
"People using at least basic drinking water services, rural (% of rural population)",SH.H2O.BASW.RU.ZS,United States,USA,95.51131593,95.51131593,95.51131593,95.51131593,95.51131593,95.88944969,96.26758346,96.64571722,97.02385099,97.40198475,97.78011851,98.15825228,98.53638604,98.91451981,99.29265357,99.67078734
"People using at least basic drinking water services, rural (% of rural population)",SH.H2O.BASW.RU.ZS,Vietnam,VNM,80.66850589,81.63401849,82.60040439,83.5676636,84.5357961,85.50480191,86.47468102,87.44543343,88.41705915,89.8967739,90.83306799,91.76936208,92.70565617,93.64195026,94.57824435,95.51453844
"People using at least basic drinking water services, rural (% of rural population)",SH.H2O.BASW.RU.ZS,Liberia,LBR,54.31320769,55.0570913,55.79011132,56.51226773,57.22356056,57.92398978,58.61355541,59.29225744,59.96009588,60.61707072,61.26318196,61.89842961,62.52281366,63.13633412,64.10021689,64.10021689
"People using at least basic drinking water services, rural (% of rural population)",SH.H2O.BASW.RU.ZS,South Africa,ZAF,70.44225323,71.30140176,72.16055029,73.01969882,73.87884735,74.73799588,75.59714441,76.45629294,77.31544147,78.17459,79.03373853,79.89288706,80.75203559,81.61118412,82.47033265,83.32948118
People with basic handwashing facilities including soap and water (% of population),SH.STA.HYGN.ZS,China,CHN,..,..,..,..,..,..,..,..,..,..,..,..,..,..,..,..
People with basic handwashing facilities including soap and water (% of population),SH.STA.HYGN.ZS,Canada,CAN,..,..,..,..,..,..,..,..,..,..,..,..,..,..,..,..
People with basic handwashing facilities including soap and water (% of population),SH.STA.HYGN.ZS,Mexico,MEX,..,..,..,..,..,..,89.66001526,89.68317442,89.70633655,89.72949429,89.75249473,89.77550185,89.79834169,89.82111114,89.84379235,..
People with basic handwashing facilities including soap and water (% of population),SH.STA.HYGN.ZS,Mozambique,MOZ,..,..,11.68288627,11.74597767,11.81284357,11.88051898,11.94873345,12.01748684,12.08678029,12.15661122,12.22698339,..,..,..,..,..
People with basic handwashing facilities including soap and water (% of population),SH.STA.HYGN.ZS,India,IND,..,..,..,..,..,66.89906807,66.97611902,67.05584145,67.1380113,67.22285792,67.31037222,67.40056273,67.49364379,67.58940082,67.68782584,67.78892869
People with basic handwashing facilities including soap and water (% of population),SH.STA.HYGN.ZS,United States,USA,..,..,..,..,..,..,..,..,..,..,..,..,..,..,..,..
People with basic handwashing facilities including soap and water (% of population),SH.STA.HYGN.ZS,Vietnam,VNM,85.02691168,85.08963415,85.15328881,85.21776649,85.28327907,85.3509602,85.41947295,85.48891239,85.55886687,85.62975087,85.70146368,85.77390308,85.846544,85.91949663,85.99275936,86.06633197
People with basic handwashing facilities including soap and water (% of population),SH.STA.HYGN.ZS,Liberia,LBR,..,..,..,..,1.150671121,1.154949693,1.159367709,1.163902079,1.168575924,1.173366035,1.178284036,1.183329933,1.188480463,..,..,..
People with basic handwashing facilities including soap and water (% of population),SH.STA.HYGN.ZS,South Africa,ZAF,..,..,..,..,..,..,..,43.34615471,43.47679019,43.60692689,43.73631354,43.86494561,43.99257483,44.11920031,44.24482361,44.36969558
People using at least basic sanitation services (% of population),SH.STA.BASS.ZS,China,CHN,66.05295978,68.04807496,70.00602318,71.93309059,73.82713823,75.68896974,77.50550515,79.28464962,81.03184692,82.74794313,84.43258668,86.08596623,87.70748822,89.29564155,90.85138344,92.37617808
People using at least basic sanitation services (% of population),SH.STA.BASS.ZS,Canada,CAN,99.80519484,99.75033789,99.69595411,99.6414571,99.5868457,99.53213067,99.47721571,99.42171918,99.36619078,99.31064352,99.25507123,99.19947682,99.14388406,99.08828896,99.03268117,99.03286158
People using at least basic sanitation services (% of population),SH.STA.BASS.ZS,Mexico,MEX,81.27377788,82.07830717,82.87293106,83.65830449,84.43419231,85.20102819,85.95971004,86.70980432,87.45178303,88.18573213,88.91148404,89.62944687,90.33947554,91.04184497,91.73666093,92.42406261
People using at least basic sanitation services (% of population),SH.STA.BASS.ZS,Mozambique,MOZ,15.14154304,16.39316539,17.6603288,19.03875625,20.44521807,21.8723446,23.31929245,24.78588451,26.27194172,27.77727396,29.30170153,30.84502424,32.40667838,33.98682894,35.58641252,37.20486798
People using at least basic sanitation services (% of population),SH.STA.BASS.ZS,India,IND,28.4835452,31.24230559,34.01546073,36.80268608,39.60301534,42.41651879,45.24319673,48.08510146,50.94117568,53.81088813,56.69339984,59.58787271,62.49361923,65.40956223,68.33481002,71.26847596
People using at least basic sanitation services (% of population),SH.STA.BASS.ZS,United States,USA,99.8817868,99.88154042,99.88129549,99.8810546,99.88081511,99.86076619,99.84103269,99.82162867,99.80256859,99.78386084,99.7655241,99.74755356,99.72996764,99.71277377,99.69599445,99.67961928
People using at least basic sanitation services (% of population),SH.STA.BASS.ZS,Vietnam,VNM,61.64097344,63.60463279,65.5572956,67.49840034,69.42821322,71.34909419,73.25730636,75.15281942,77.03452679,78.90307591,80.75801041,82.59892171,84.32223318,86.02534939,87.70813691,89.24647713
People using at least basic sanitation services (% of population),SH.STA.BASS.ZS,Liberia,LBR,14.98613608,15.21515877,15.43948847,15.65875523,15.87533316,16.08907782,16.30006099,16.50766421,16.71216861,16.9129365,17.11000494,17.30317359,17.49178368,17.6760717,18.05615325,18.16357204
People using at least basic sanitation services (% of population),SH.STA.BASS.ZS,South Africa,ZAF,64.01580626,65.04813012,66.07165911,67.08632138,68.0912245,69.08668367,70.07234949,71.04814234,72.01358167,72.96880358,73.9135389,74.84761764,75.77086841,76.68318836,77.58447964,78.47461071
"People using safely managed drinking water services, urban (% of urban population)",SH.H2O.SMDW.UR.ZS,China,CHN,89.65755289,89.56814321,89.47873353,89.38932384,89.29991416,89.21050447,90.00160011,90.79092904,91.57849125,92.36428675,93.14831553,93.93057761,94.71107296,95.23318067,95.1369634,95.04074614
"People using safely managed drinking water services, urban (% of urban population)",SH.H2O.SMDW.UR.ZS,Canada,CAN,..,..,..,..,..,..,..,..,..,..,..,..,..,..,..,..
"People using safely managed drinking water services, urban (% of urban population)",SH.H2O.SMDW.UR.ZS,Mexico,MEX,..,..,..,..,..,..,..,..,..,..,..,..,..,..,..,..
"People using safely managed drinking water services, urban (% of urban population)",SH.H2O.SMDW.UR.ZS,Mozambique,MOZ,..,..,..,..,..,..,..,..,..,..,..,..,..,..,..,..
"People using safely managed drinking water services, urban (% of urban population)",SH.H2O.SMDW.UR.ZS,India,IND,..,..,..,..,..,..,..,..,..,..,..,..,..,..,..,..
"People using safely managed drinking water services, urban (% of urban population)",SH.H2O.SMDW.UR.ZS,United States,USA,96.41144911,96.41144911,96.41144911,96.41144911,96.41144911,96.50727218,96.60312747,96.69901497,96.79493469,96.89088663,96.98687079,97.08288716,97.17893575,97.27501656,97.37112958,97.46727482
"People using safely managed drinking water services, urban (% of urban population)",SH.H2O.SMDW.UR.ZS,Vietnam,VNM,..,..,..,..,..,..,..,..,..,..,..,..,..,..,..,..
"People using safely managed drinking water services, urban (% of urban population)",SH.H2O.SMDW.UR.ZS,Liberia,LBR,..,..,..,..,..,..,..,..,..,..,..,..,..,..,..,..
"People using safely managed drinking water services, urban (% of urban population)",SH.H2O.SMDW.UR.ZS,South Africa,ZAF,90.38941995,89.98318381,89.34832615,88.71304514,88.07734078,87.44121307,86.80466201,86.1676876,85.53028985,84.89246874,84.25422429,83.61555649,82.97646534,82.33695084,81.69701299,81.0566518
People using safely managed sanitation services (% of population),SH.STA.SMSS.ZS,China,CHN,21.15726769,23.71607541,26.41296376,29.25110684,32.22411192,35.32940402,38.5387437,41.85739972,45.29026847,48.83494578,52.48634689,56.24054077,60.09072637,64.02449293,68.03605785,69.65580705
People using safely managed sanitation services (% of population),SH.STA.SMSS.ZS,Canada,CAN,78.8857635,79.28068911,79.67517216,80.06894984,80.46202275,80.85439848,81.24600912,81.636549,82.02636889,82.41547978,82.80387768,83.1915656,83.5785755,83.97367373,84.36813002,84.36839322
People using safely managed sanitation services (% of population),SH.STA.SMSS.ZS,Mexico,MEX,23.87717464,25.87350566,27.90436423,29.96951033,32.0685671,34.20129298,36.3676703,38.56730401,40.80011597,43.06591674,45.36435171,47.69541008,50.0587208,52.45421467,54.88172246,57.34110284
People using safely managed sanitation services (% of population),SH.STA.SMSS.ZS,Mozambique,MOZ,..,..,..,..,..,..,..,..,..,..,..,..,..,..,..,..
People using safely managed sanitation services (% of population),SH.STA.SMSS.ZS,India,IND,15.3211176,17.27038835,19.28393109,21.30680318,23.3386407,25.37938816,27.42892062,29.48719818,31.55352208,33.62723216,35.70761814,37.79397393,39.88551213,41.89591302,43.90429017,45.90965899
People using safely managed sanitation services (% of population),SH.STA.SMSS.ZS,United States,USA,97.8283804,97.89264968,97.95699817,98.02142764,98.08593485,98.13517396,98.18494766,98.2352578,98.28612717,98.33755989,98.32452877,98.31176198,98.29928582,98.28709462,98.27522266,98.26364733
People using safely managed sanitation services (% of population),SH.STA.SMSS.ZS,Vietnam,VNM,..,..,..,..,..,..,..,..,..,..,..,..,..,..,..,..
People using safely managed sanitation services (% of population),SH.STA.SMSS.ZS,Liberia,LBR,..,..,..,..,..,..,..,..,..,..,..,..,..,..,..,..
People using safely managed sanitation services (% of population),SH.STA.SMSS.ZS,South Africa,ZAF,..,..,..,..,..,..,..,..,..,..,..,..,..,..,..,..
Pregnant women receiving prenatal care (%),SH.STA.ANVC.ZS,China,CHN,89.8,89.7,90.9,91,92.2,94.1,93.7,95,95.6,96.2,96.5,96.6,..,99.6,..,..
Pregnant women receiving prenatal care (%),SH.STA.ANVC.ZS,Canada,CAN,..,..,100,..,..,..,..,..,..,..,..,..,..,..,..,..
Pregnant women receiving prenatal care (%),SH.STA.ANVC.ZS,Mexico,MEX,..,97.7,..,..,95.8,..,..,97.6,..,97.2,98.5,..,..,..,..,..
Pregnant women receiving prenatal care (%),SH.STA.ANVC.ZS,Mozambique,MOZ,..,..,..,92.3,..,..,90.6,..,..,..,87.2,..,..,94,..,..
Pregnant women receiving prenatal care (%),SH.STA.ANVC.ZS,India,IND,..,74.2,..,..,..,..,..,..,..,..,..,79.3,..,..,..,..
Pregnant women receiving prenatal care (%),SH.STA.ANVC.ZS,United States,USA,..,..,..,..,..,..,..,..,..,..,..,..,..,..,..,..
Pregnant women receiving prenatal care (%),SH.STA.ANVC.ZS,Vietnam,VNM,..,90.8,..,..,..,..,93.7,..,..,95.8,..,..,..,..,..,..
Pregnant women receiving prenatal care (%),SH.STA.ANVC.ZS,Liberia,LBR,..,..,79.3,..,95.3,..,95.4,..,95.9,..,..,97.9,..,..,..,97.8
Pregnant women receiving prenatal care (%),SH.STA.ANVC.ZS,South Africa,ZAF,..,..,..,97.1,..,..,..,..,..,..,..,93.7,..,..,..,..
"Unemployment, male (% of male labor force)",SL.UEM.TOTL.MA.ZS,China,CHN,5,4.90000009536743,4.80999994277954,5.07399988174438,5.21700000762939,5.00500011444092,5.02799987792969,5.05100011825562,5.07399988174438,5.09700012207031,5.11999988555908,5.01100015640259,4.91300010681152,4.73699998855591,5.00400018692017,5.5310001373291
"Unemployment, male (% of male labor force)",SL.UEM.TOTL.MA.ZS,Canada,CAN,7.01700019836426,6.52199983596802,6.38399982452393,6.57200002670288,9.53299999237061,8.79399967193604,7.95900011062622,7.71600008010864,7.49700021743774,7.37799978256226,7.46199989318848,7.68100023269653,6.7810001373291,6.13899993896484,6.03000020980835,9.52600002288818
"Unemployment, male (% of male labor force)",SL.UEM.TOTL.MA.ZS,Mexico,MEX,3.36800003051758,3.38899993896484,3.41899991035461,3.77900004386902,5.36399984359741,5.36999988555908,5.19199991226196,4.89400005340576,4.88399982452393,4.78800010681152,4.22800016403198,3.82999992370605,3.31200003623962,3.18899989128113,3.45700001716614,4.66699981689453
"Unemployment, male (% of male labor force)",SL.UEM.TOTL.MA.ZS,Mozambique,MOZ,3.67799997329712,3.6029999256134,3.55699992179871,3.50799989700317,3.46199989318848,3.41000008583069,3.35400009155273,3.3050000667572,3.25600004196167,3.2039999961853,3.15700006484985,3.17000007629395,3.16899991035461,3.16899991035461,3.17400002479553,3.50399994850159
"Unemployment, male (% of male labor force)",SL.UEM.TOTL.MA.ZS,India,IND,5.49399995803833,5.49499988555908,5.47700023651123,5.32600021362305,5.47100019454956,5.48400020599365,5.3730001449585,5.37099981307983,5.3899998664856,5.41200017929077,5.42000007629395,5.41699981689453,5.35900020599365,5.33799982070923,5.36100006103516,8.61900043487549
"Unemployment, male (% of male labor force)",SL.UEM.TOTL.MA.ZS,United States,USA,5.06599998474121,4.61499977111816,4.72499990463257,6.09299993515015,10.2760000228882,10.5080003738403,9.37100028991699,8.22700023651123,7.62799978256226,6.26200008392334,5.36700010299683,4.93900012969971,4.40199995040894,3.95099997520447,3.72099995613098,7.7960000038147
"Unemployment, male (% of male labor force)",SL.UEM.TOTL.MA.ZS,Vietnam,VNM,1.93700003623962,2.05200004577637,2.12199997901917,2.04999995231628,1.88900005817413,1.14300000667572,1.09099996089935,1.12100005149841,1.48399996757507,1.39900004863739,1.97899997234344,1.9889999628067,2.02699995040894,1.27799999713898,2.06800007820129,2.00200009346008
"Unemployment, male (% of male labor force)",SL.UEM.TOTL.MA.ZS,Liberia,LBR,2.12299990653992,2.14299988746643,2.16499996185303,2.19300007820129,2.22099995613098,2.24600005149841,2.26500010490417,2.28699994087219,2.30699992179871,2.34100008010864,2.34100008010864,3.74499988555908,3.68600010871887,3.64199995994568,3.60400009155273,4.65000009536743
"Unemployment, male (% of male labor force)",SL.UEM.TOTL.MA.ZS,South Africa,ZAF,23.5209999084473,22.5510005950928,21.4570007324219,19.7509994506836,21.9220008850098,22.8740005493164,22.5979995727539,22.8780002593994,22.9740009307861,23.1700000762939,23.2240009307861,24.5580005645752,25.2199993133545,25.1480007171631,26.80299949646,27.753999710083
"Unemployment, female (% of female labor force)",SL.UEM.TOTL.FE.ZS,China,CHN,3.92199993133545,3.84299993515015,3.77300000190735,3.98000001907349,4.09100008010864,3.92600011825562,3.94400000572205,3.96199989318848,3.98000001907349,3.99799990653992,4.01599979400635,3.9300000667572,3.8529999256134,3.71499991416931,3.92400002479553,4.33799982070923
"Unemployment, female (% of female labor force)",SL.UEM.TOTL.FE.ZS,Canada,CAN,6.46600008010864,6.09200000762939,5.65299987792969,5.65199995040894,7.00500011444092,7.24300003051758,7.00899982452393,6.81699991226196,6.59700012207031,6.38899993896484,6.29199981689453,6.24100017547607,5.85099983215332,5.48899984359741,5.25,9.38599967956543
"Unemployment, female (% of female labor force)",SL.UEM.TOTL.FE.ZS,Mexico,MEX,3.90899991989136,3.89000010490417,4,4.02899980545044,5.35400009155273,5.17999982833862,5.13199996948242,4.88399982452393,4.9539999961853,4.84800004959106,4.44700002670288,3.91000008583069,3.60199999809265,3.42899990081787,3.51699995994568,4.09700012207031
"Unemployment, female (% of female labor force)",SL.UEM.TOTL.FE.ZS,Mozambique,MOZ,2.45900011062622,2.56200003623962,2.68400001525879,2.80399990081787,2.92799997329712,3.04800009727478,3.16700005531311,3.29200005531311,3.42000007629395,3.54500007629395,3.67899990081787,3.70099997520447,3.70900011062622,3.71799993515015,3.73099994659424,4.08900022506714
"Unemployment, female (% of female labor force)",SL.UEM.TOTL.FE.ZS,India,IND,5.93900012969971,5.90399980545044,5.85200023651123,5.68100023269653,5.77199983596802,5.74599981307983,5.61100006103516,5.57100009918213,5.5479998588562,5.52600002288818,5.49100017547607,5.44700002670288,5.35699987411499,5.2979998588562,4.93200016021729,5.50699996948242
"Unemployment, female (% of female labor force)",SL.UEM.TOTL.FE.ZS,United States,USA,5.09600019454956,4.625,4.49599981307983,5.41400003433228,8.05900001525879,8.60999965667725,8.46100044250488,7.88700008392334,7.06899976730347,6.06199979782104,5.17799997329712,4.78900003433228,4.31199979782104,3.84100008010864,3.61100006103516,8.34500026702881
"Unemployment, female (% of female labor force)",SL.UEM.TOTL.FE.ZS,Vietnam,VNM,2.26300001144409,2.12299990653992,1.932000041008,1.79499995708466,1.5789999961853,1.07400000095367,0.901000022888184,0.930999994277954,1.14300000667572,1.10899996757507,1.70899999141693,1.69900000095367,1.69799995422363,1.02900004386902,2.00799989700317,2.81900000572205
"Unemployment, female (% of female labor force)",SL.UEM.TOTL.FE.ZS,Liberia,LBR,2.25799989700317,2.26200008392334,2.26799988746643,2.27900004386902,2.28900003433228,2.29699993133545,2.16499996185303,2.03699994087219,1.90699994564056,1.7849999666214,1.78600001335144,2.33200001716614,2.33500003814697,2.34500002861023,2.35800004005432,3.21600008010864
"Unemployment, female (% of female labor force)",SL.UEM.TOTL.FE.ZS,South Africa,ZAF,36.4389991760254,35.8440017700195,33.0880012512207,25.8190002441406,25.5769996643066,27.0200004577637,27.2360000610352,27.0939998626709,26.5480003356934,27.0429992675781,27.5480003356934,29.0130004882813,29.2830009460449,29.0709991455078,30.5139999389648,31.0359992980957
"Unemployment, total (% of total labor force)",SL.UEM.TOTL.ZS,China,CHN,4.51999998092651,4.42999982833862,4.34999990463257,4.59000015258789,4.71999979019165,4.53000020980835,4.55000019073486,4.57000017166138,4.59000015258789,4.6100001335144,4.63000011444092,4.53000020980835,4.44000005722046,4.28000020980835,4.51999998092651,5
"Unemployment, total (% of total labor force)",SL.UEM.TOTL.ZS,Canada,CAN,6.76000022888184,6.32000017166138,6.03999996185303,6.1399998664856,8.34000015258789,8.0600004196167,7.51000022888184,7.28999996185303,7.07000017166138,6.90999984741211,6.90999984741211,7,6.34000015258789,5.82999992370605,5.65999984741211,9.46000003814697
"Unemployment, total (% of total labor force)",SL.UEM.TOTL.ZS,Mexico,MEX,3.55999994277954,3.5699999332428,3.63000011444092,3.86999988555908,5.3600001335144,5.30000019073486,5.17000007629395,4.8899998664856,4.90999984741211,4.80999994277954,4.30999994277954,3.85999989509583,3.42000007629395,3.27999997138977,3.48000001907349,4.44999980926514
"Unemployment, total (% of total labor force)",SL.UEM.TOTL.ZS,Mozambique,MOZ,3.01500010490417,3.03900003433228,3.08500003814697,3.12899994850159,3.17499995231628,3.21700000762939,3.25500011444092,3.29800009727478,3.34200000762939,3.38299989700317,3.4300000667572,3.44700002670288,3.45099997520447,3.45600008964539,3.46600008010864,3.80999994277954
"Unemployment, total (% of total labor force)",SL.UEM.TOTL.ZS,India,IND,5.61299991607666,5.60099983215332,5.57200002670288,5.41400003433228,5.54400014877319,5.5460000038147,5.42600011825562,5.41400003433228,5.42399978637695,5.43599987030029,5.43499994277954,5.4229998588562,5.35799980163574,5.32999992370605,5.26999998092651,7.99700021743774
"Unemployment, total (% of total labor force)",SL.UEM.TOTL.ZS,United States,USA,5.07999992370605,4.61999988555908,4.61999988555908,5.78000020980835,9.25,9.63000011444092,8.94999980926514,8.06999969482422,7.36999988555908,6.17000007629395,5.28000020980835,4.86999988555908,4.3600001335144,3.90000009536743,3.67000007629395,8.05000019073486
"Unemployment, total (% of total labor force)",SL.UEM.TOTL.ZS,Vietnam,VNM,2.09500002861023,2.08699989318848,2.02999997138977,1.92700004577637,1.74000000953674,1.11000001430511,1,1.02999997138977,1.32000005245209,1.25999999046326,1.85000002384186,1.85000002384186,1.87000000476837,1.1599999666214,2.03999996185303,2.39000010490417
"Unemployment, total (% of total labor force)",SL.UEM.TOTL.ZS,Liberia,LBR,2.18600010871887,2.19899988174438,2.21300005912781,2.23300004005432,2.25300002098084,2.26999998092651,2.21799993515015,2.17000007629395,2.11899995803833,2.07999992370605,2.07999992370605,3.07999992370605,3.04900002479553,3.02999997138977,3.01500010490417,3.98000001907349
"Unemployment, total (% of total labor force)",SL.UEM.TOTL.ZS,South Africa,ZAF,29.1200008392334,28.3400001525879,26.5400009155273,22.4099998474121,23.5200004577637,24.6800003051758,24.6399993896484,24.7299995422363,24.5599994659424,24.8899993896484,25.1499996185303,26.5400009155273,27.0400009155273,26.9099998474121,28.4699993133545,29.2199993133545
People using safely managed drinking water services (% of population),SH.H2O.SMDW.ZS,China,CHN,..,..,..,..,..,..,..,..,..,..,..,..,..,..,..,..
People using safely managed drinking water services (% of population),SH.H2O.SMDW.ZS,Canada,CAN,98.24079534,98.29946776,98.35997369,98.41990954,98.47926264,98.53806358,98.59599042,98.65168006,98.70725106,98.76270793,98.81806216,98.87330686,98.92850562,98.98362633,99.03861451,99.03894727
People using safely managed drinking water services (% of population),SH.H2O.SMDW.ZS,Mexico,MEX,40.35948897,40.5640574,40.76641554,40.96669575,41.16482643,41.36089371,41.55507773,41.74726437,41.93753836,42.12589627,42.31228861,42.49678317,42.67933349,42.84912192,42.93896105,43.02628491
People using safely managed drinking water services (% of population),SH.H2O.SMDW.ZS,Mozambique,MOZ,..,..,..,..,..,..,..,..,..,..,..,..,..,..,..,..
People using safely managed drinking water services (% of population),SH.H2O.SMDW.ZS,India,IND,..,..,..,..,..,..,..,..,..,..,..,..,..,..,..,..
People using safely managed drinking water services (% of population),SH.H2O.SMDW.ZS,United States,USA,95.23581292,95.24582727,95.2557833,95.2656829,95.27552413,95.46778236,95.65914859,95.84939996,96.03857024,96.22654489,96.41326821,96.59863984,96.78265168,96.96518791,97.14624349,97.32571774
People using safely managed drinking water services (% of population),SH.H2O.SMDW.ZS,Vietnam,VNM,..,..,..,..,..,..,..,..,..,..,..,..,..,..,..,..
People using safely managed drinking water services (% of population),SH.H2O.SMDW.ZS,Liberia,LBR,..,..,..,..,..,..,..,..,..,..,..,..,..,..,..,..
People using safely managed drinking water services (% of population),SH.H2O.SMDW.ZS,South Africa,ZAF,..,..,..,..,..,..,..,..,..,..,..,..,..,..,..,..
"Human capital index (HCI), female (scale 0-1)",HD.HCI.OVRL.FE,China,CHN,..,..,..,..,..,..,..,..,..,..,..,..,0.674,0.65461403131485,..,0.659177899360657
"Human capital index (HCI), female (scale 0-1)",HD.HCI.OVRL.FE,Canada,CAN,..,..,..,..,..,0.786082327365875,..,..,..,..,..,..,0.808,0.810381829738617,..,0.81040757894516
"Human capital index (HCI), female (scale 0-1)",HD.HCI.OVRL.FE,Mexico,MEX,..,..,..,..,..,0.604089438915253,..,..,..,..,..,..,0.62,0.627252817153931,..,0.626666724681854
"Human capital index (HCI), female (scale 0-1)",HD.HCI.OVRL.FE,Mozambique,MOZ,..,..,..,..,..,..,..,..,..,..,..,..,..,..,..,..
"Human capital index (HCI), female (scale 0-1)",HD.HCI.OVRL.FE,India,IND,..,..,..,..,..,..,..,..,..,..,..,..,0.451,0.491595357656479,..,0.500491142272949
"Human capital index (HCI), female (scale 0-1)",HD.HCI.OVRL.FE,United States,USA,..,..,..,..,..,0.704651892185211,..,..,..,..,..,..,0.757,0.730934500694275,..,0.720416069030762
"Human capital index (HCI), female (scale 0-1)",HD.HCI.OVRL.FE,Vietnam,VNM,..,..,..,..,..,0.680296421051025,..,..,..,..,..,..,..,0.725250840187073,..,0.727666437625885
"Human capital index (HCI), female (scale 0-1)",HD.HCI.OVRL.FE,Liberia,LBR,..,..,..,..,..,..,..,..,..,..,..,..,0.325,0.322331607341766,..,0.323783546686172
"Human capital index (HCI), female (scale 0-1)",HD.HCI.OVRL.FE,South Africa,ZAF,..,..,..,..,..,0.4383764564991,..,..,..,..,..,..,0.408,0.443053871393204,..,0.445561945438385
"Human capital index (HCI), male (scale 0-1)",HD.HCI.OVRL.MA,China,CHN,..,..,..,..,..,..,..,..,..,..,..,..,0.657,0.640095114707947,..,0.646641552448273
"Human capital index (HCI), male (scale 0-1)",HD.HCI.OVRL.MA,Canada,CAN,..,..,..,..,..,0.762514710426331,..,..,..,..,..,..,0.79,0.790175378322601,..,0.785041689872742
"Human capital index (HCI), male (scale 0-1)",HD.HCI.OVRL.MA,Mexico,MEX,..,..,..,..,..,0.574441850185394,..,..,..,..,..,..,0.595,0.596356928348541,..,0.599544823169708
"Human capital index (HCI), male (scale 0-1)",HD.HCI.OVRL.MA,Mozambique,MOZ,..,..,..,..,..,..,..,..,..,..,..,..,..,..,..,..
"Human capital index (HCI), male (scale 0-1)",HD.HCI.OVRL.MA,India,IND,..,..,..,..,..,..,..,..,..,..,..,..,0.429,0.478702425956726,..,0.48725688457489
"Human capital index (HCI), male (scale 0-1)",HD.HCI.OVRL.MA,United States,USA,..,..,..,..,..,0.678875505924225,..,..,..,..,..,..,0.726,0.697446584701538,..,0.684286594390869
"Human capital index (HCI), male (scale 0-1)",HD.HCI.OVRL.MA,Vietnam,VNM,..,..,..,..,..,0.634341835975647,..,..,..,..,..,..,..,0.652676463127136,..,0.654776275157928
"Human capital index (HCI), male (scale 0-1)",HD.HCI.OVRL.MA,Liberia,LBR,..,..,..,..,..,..,..,..,..,..,..,..,0.314,0.312901794910431,..,0.314354330301285
"Human capital index (HCI), male (scale 0-1)",HD.HCI.OVRL.MA,South Africa,ZAF,..,..,..,..,..,0.417664229869842,..,..,..,..,..,..,0.362,0.402945220470429,..,0.406087726354599
,,,,,,,,,,,,,,,,,,,
,,,,,,,,,,,,,,,,,,,
,,,,,,,,,,,,,,,,,,,
Data from database: Health Nutrition and Population Statistics,,,,,,,,,,,,,,,,,,,
Last Updated: 02/16/2022,,,,,,,,,,,,,,,,,,,